F,,,,,DENIED,,,,Aprobación Final / Final approval,
,,,,,SUSPENDED,,,       ANTI-CHEAT,,
,,,,,OBSERVATION,,, DESKTOP RECORD,,
,,,,,OK,,, WEBCAM RECORD,,
,,,,,,,,,,
,Team name,Nickname/pf steam,Steam64 ID/ ban list,l4d2center linkview,Status,VIO,Region,Anticheat/Record,Pepinis,MK
,Los ceregrizzes,Uzz ,76561199017002607,X,OK,,SA,       ANTI-CHEAT,,
,,Cervecero,76561199529772882,X,OK,,,       ANTI-CHEAT,,
,,Cvvv ,76561199196035525,X,OK,,,       ANTI-CHEAT,,
,,Rg,76561199798441961,No profile,OK,,,       ANTI-CHEAT,,
,,Donk,76561199184008298,No profile,OK,,,       ANTI-CHEAT,,
,,Guest,76561199150920830,X,OK,,,       ANTI-CHEAT,,
,,,,,,,,,,
,Hakimi,Hinako,76561198946561759,X,OK,,CN,       ANTI-CHEAT,,
,,sword,76561199024040529,X,OK,,,       ANTI-CHEAT,,
,,Star,76561198054262973,X,OK,,,       ANTI-CHEAT,,
,,Match121,76561199181562903,X,OK,,,       ANTI-CHEAT,,
,,Vertin,76561199168046934,X,OK,,,       ANTI-CHEAT,,
,,Liyuu,76561198133791161,X,OK,,,       ANTI-CHEAT,,
,,,,,,,,,,
,Me end die ,limpid,76561198156249423,X,OK,,CN,       ANTI-CHEAT,,
,,Alyce,76561198806874276,X,OK,,,       ANTI-CHEAT,,
,,aqua,76561198118050158,X,OK,,,       ANTI-CHEAT,,
,,sheng,76561198040453752,X,OK,,,       ANTI-CHEAT,,
,,yangya,76561198321916035,X,OK,,,       ANTI-CHEAT,,
,,marblue,76561198201275706,,OK,,,       ANTI-CHEAT,,
,,,,,,,,,,
,blue fish,ovo,76561199365819687,X,OK,,CN,       ANTI-CHEAT,,
,,GoldFish,76561199234351648,X,OK,,,       ANTI-CHEAT,,
,,tYin,76561199255049786,X,OK,,,       ANTI-CHEAT,,
,,Tang,76561199123955195,X,OK,,,       ANTI-CHEAT,,
,,blue,76561199025512657,Not Found,OK,,,       ANTI-CHEAT,,
,,Vermilion Bird,76561199187476867,X,OK,,,       ANTI-CHEAT,,
,,,,,,,,,,
,Labubu,Ne1vo,76561199380514235,x,OK,,CN,       ANTI-CHEAT,,
,,Aim,76561199444139427,x,OK,,,       ANTI-CHEAT,,
,,Niumo,76561199201885440,x,OK,,,       ANTI-CHEAT,,
,,稀翁玉,76561199526909948,x,OK,,,       ANTI-CHEAT,,
,,我配不上宫水三叶,76561198713200706,Not Found,OK,,,       ANTI-CHEAT,,
,,静心,76561198398853210,x,OK,,,       ANTI-CHEAT,,
,,,,,,,,,,
,Bear Ridge,铁肺女王ACAね,76561198211531447,X,OK,,CN,       ANTI-CHEAT,,
,,Yousa,76561198295896283,X,OK,,,       ANTI-CHEAT,,
,,Asary ,76561198274777962,X,OK,,,       ANTI-CHEAT,,
,,Blue ,76561198994206989,X,OK,,,       ANTI-CHEAT,,
,,Shivpfs ,76561198015393820,X,OK,,,       ANTI-CHEAT,,
,,Sakura,76561199170720826,X,OK,,,       ANTI-CHEAT,,
,,,,,,,,,,
,R.O.K.A.,46,76561198287016739,X,OK,,KR,       ANTI-CHEAT,,
,,LOVE,76561198870959431,NOT found,OK,,,       ANTI-CHEAT,,
,,ZELL,76561198060465331,X,OK,,,       ANTI-CHEAT,,
,,cong,76561199084654059,X,OK,,,       ANTI-CHEAT,,
,,Rikka,76561198160947932,X,OK,,, DESKTOP RECORD,,
,,Stay ,76561199103804646,X,OK,,, WEBCAM RECORD,,
,,,,,,,,,,
,Zanshin,Ctrl ,76561199232436210,X,OK,,KR,       ANTI-CHEAT,,
,,STB ,76561198014752475,X,OK,,,       ANTI-CHEAT,,
,,Yenicall ,76561198120168192,X,OK,,,       ANTI-CHEAT,,
,,Kago,76561198901784543,X,OK,,,       ANTI-CHEAT,,
,,Koto,76561198070875673,X,OK,,,       ANTI-CHEAT,,
,,Sync,76561198074629014,X,OK,,,       ANTI-CHEAT,,
,,,,,,,,,,
,Zenith,Eddy,76561199706000493,X,OK,,SA,       ANTI-CHEAT,,
,,santos,76561198845757241,X,OK,,,       ANTI-CHEAT,,
,,Soa,76561199019604309,X,OK,,,       ANTI-CHEAT,,
,,Fire,76561198798553542,X,OK,,,       ANTI-CHEAT,,
,,Bruno,76561199365718597,X,OK,,,       ANTI-CHEAT,,
,,Evil Megasor,76561199655623505,X,OK,,,       ANTI-CHEAT,,
,,,,,,,,,,
,Macacolândia ,inc ,76561198060690576,X,OK,,BR,       ANTI-CHEAT,,
,,Why ,76561198055718285,X,OK,,,       ANTI-CHEAT,,
,,Finn ,76561198053741663,X,OK,,,       ANTI-CHEAT,,
,,Vorkys,76561199248670342,X,OK,,,       ANTI-CHEAT,,
,,Sacii,76561199840839030,X,OK,,,       ANTI-CHEAT,,
,,Zenk ,76561198372057945,X,OK,,,       ANTI-CHEAT,,
,,,,,,,,,,
,FႮᎡᏆᎪ ᎡϴᎫᎪ,FЯ Fergamer,76561199530196077,X,OK,,SA,       ANTI-CHEAT,,
,,Jos ,76561199129468489,X,OK,,,       ANTI-CHEAT,,
,,^^^^^^^^ ,76561199078493453,X,OK,,,       ANTI-CHEAT,,
,,brytiago ,76561199060597369,X,OK,,,       ANTI-CHEAT,,
,,Acost ,76561199129534388,X,OK,,,       ANTI-CHEAT,,
,,333 ,76561199042633955,X,OK,,,       ANTI-CHEAT,,
,,,,,,,,,,
,Ass4ult,Lycan,76561198176022413,X,OK,,SA,       ANTI-CHEAT,,
,,Wols,76561198285859588,X,OK,,,       ANTI-CHEAT,,
,,Lang,76561198048001115,X,OK,,,       ANTI-CHEAT,,
,,icer joswh,76561198425019373,X,OK,,,       ANTI-CHEAT,,
,,Cholon,76561199400813776,X,OK,,,       ANTI-CHEAT,,
,,Ayce    ,76561198353372264,X,OK,,,       ANTI-CHEAT,,
,,,,,,,,,,
,tayutama,b7,76561199091984069,X,OK,,CN/AS,       ANTI-CHEAT,,
,,Kiss ,76561199046743279,X,OK,,,       ANTI-CHEAT,,
,,ra1nb0w ,76561199361232241,X,OK,,,       ANTI-CHEAT,,
,,小小安妮,76561198415932236,Not found,OK,,,       ANTI-CHEAT,,
,,diejoubu ,76561198829167738,X,OK,,,       ANTI-CHEAT,,
,,Kai ,76561199379554212,X,OK,,,       ANTI-CHEAT,,
,,,,,,,,,,
,Prime,Eleman,76561199533082785,X,OK,,EU,       ANTI-CHEAT,,
,,Tansex,76561199048276979,X,OK,,,       ANTI-CHEAT,,
,,ChebapEater,76561198279172923,X,OK,,,       ANTI-CHEAT,,
,,Benjamin,76561199102096559,X,OK,,,       ANTI-CHEAT,,
,,Kutu,76561199199093584,X,OK,,,       ANTI-CHEAT,,
,,Artemisssolo,76561199439736786,X,OK,,,       ANTI-CHEAT,,
,,,,,,,,,,
,Lose With Perfection,Vergueta777,76561199068498230,X,OK,,NA/SA,       ANTI-CHEAT,,
,,Twilight,76561199376183363,X,OK,,,       ANTI-CHEAT,,
,,Canonet,76561199093522598,X,OK,,,       ANTI-CHEAT,,
,,Edimiau,76561199093144521,X,OK,,,       ANTI-CHEAT,,
,,KiroV,76561199016831155,Not found,OK,,, WEBCAM RECORD,,
,,77,76561199063380275,X,OK,,,       ANTI-CHEAT,,
,,,,,,,,,,
,The Visión,Xanes,76561199156727145,X,OK,,NA/SA,       ANTI-CHEAT,,
,,March,76561198147581338,X,OK,,,       ANTI-CHEAT,,
,,Yasuri Yalasa,76561199768072962,X,OK,,,       ANTI-CHEAT,,
,,Caine,76561198868789956,X,OK,,,       ANTI-CHEAT,,
,,Michi,76561199095138072,X,OK,,,       ANTI-CHEAT,,
,,∆xeeel,76561199376104024,X,OK,,,       ANTI-CHEAT,,
,,,,,,,,,,
,Ice blood,empilao,76561199076501992,X,OK,,SA,       ANTI-CHEAT,,
,,p7,76561199268608692,X,OK,,,       ANTI-CHEAT,,
,,Kzin' Tny,76561199151648423,X,OK,,,       ANTI-CHEAT,,
,,termi,76561198277102746,X,OK,,,       ANTI-CHEAT,,
,,,,,,,,,,
,,CeFfe,76561198798905999,X,OK,,,       ANTI-CHEAT,,
,,,,,,,,,,
,SLAUGHTER,Razor,76561198823075822,X,OK,,SA,       ANTI-CHEAT,,
,,Dustburn,76561198185371227,X,OK,,,       ANTI-CHEAT,,
,,Dust3r,76561199049091054,X,OK,,,       ANTI-CHEAT,,
,,tryhardermf,76561199375920459,X,OK,,,       ANTI-CHEAT,,
,,Nan,76561198993076193,X,OK,,,       ANTI-CHEAT,,
,,,,,OK,,,       ANTI-CHEAT,,
,,,,,,,,,,
,Rapstars,7sven ,76561199218534684,X,OK,,SA,       ANTI-CHEAT,,
,,Smark_FT,76561199143005892,X,OK,,,       ANTI-CHEAT,,
,,Mx,76561199218312370,X,OK,,,       ANTI-CHEAT,,
,,Fernins ,76561198813152217,X,OK,,,       ANTI-CHEAT,,
,,ihs,76561199093141319,X,OK,,,       ANTI-CHEAT,,
,,zo ,76561199093474385,X,OK,,, DESKTOP RECORD,,
,,,,,,,,,,
,shindeN,Tafur.,76561199093354918,X,OK,,SA,       ANTI-CHEAT,,","
,,Karma,76561199231021124,X,OK,,,       ANTI/Desktop,,
,,www,76561199367220675,X,OK,,,       ANTI-CHEAT,,
,,Zhask,76561199055645639,X,OK,,,       ANTI-CHEAT,,
,, Lmo.4 ♪,76561198813575466,X,OK,,,       ANTI-CHEAT,,
,,B1t.,76561199071097958,X,OK,,,       ANTI-CHEAT,,
,,,,,,,,,,
,兄弟们，有队名吗？ (PP),pp?,76561198263342292,X,OK,,CN,       ANTI-CHEAT,,
,,cc?,76561198402997709,not found,OK,,,       ANTI-CHEAT,,
,,ii?,76561198452454938,X,OK,,,       ANTI-CHEAT,,
,,MM?,76561198361997689,Not found,OK,,,       ANTI-CHEAT,,
,,SS?,76561198274364978,X,OK,,,       ANTI-CHEAT,,
,,bb?,76561198818761405,Not found,OK,,,       ANTI-CHEAT,,
,,,,,,,,,,
,THE LOST,qhl,76561199177534028,X,OK,,EU/NA/AS,       ANTI-CHEAT,,
,,flames,76561198438886253,X,OK,,,       ANTI-CHEAT,,
,,fray,76561198047658582,X,OK,,,       ANTI-CHEAT,,
,,wiz,76561198799712547,X,OK,,,       ANTI-CHEAT,,
,,Grizzly,76561198977047216,X,OK,,,       ANTI-CHEAT,,
,,Fenrir,76561199500095305,X,OK,,,       ANTI-CHEAT,,
,,,,,,,,,,
,Team Poland,krych4,76561198060933264,X,OK,,EU,       ANTI-CHEAT,,
,,plata\,76561198034293678,X,OK,,,       ANTI-CHEAT,,
,,nadraT,76561198804606346,X,OK,,,       ANTI-CHEAT,,
,,akali,76561199120125990,X,OK,,,       ANTI-CHEAT,,
,,Ryder,76561198194467977,X,OK,,,       ANTI-CHEAT,,
,,,,,,,,,,
,,,,,,,,,,
,Dumb Biches,Pixie,76561198144797968,X,OK,,NA,       ANTI-CHEAT,,
,,Videogms,76561199082216825,X,OK,,,       ANTI-CHEAT,,
,,Hundoe,76561198074653235,X,OK,,,       ANTI-CHEAT,,
,,squeeze,76561198102029788,Not found,OK,,,       ANTI-CHEAT,,
,,Ohefi,76561198966571756,X,OK,,,       ANTI-CHEAT,,
,,Fistme,76561198097848871,X,OK,,,       ANTI-CHEAT,,
,,,,,,,,,,
,Outpost 22,Curlylatinman,76561198880613389,X,OK,,NA,       ANTI-CHEAT,,
,,P,76561198376931325,X,OK,,,       ANTI-CHEAT,,
,,Macaroni OwO,76561198836805320,X,OK,,,       ANTI-CHEAT,,
,,Static,76561198005472462,X,OK,,,Desktop Record,,
,,Luluzephyr,76561199137963364,X,OK,,, DESKTOP RECORD,,
,,Viz,76561199167938233,Not found,OK,,,       ANTI-CHEAT,,
,,,,,,,,,,
,kopasuss,madroga,76561199542858846,X,OK,,SA,       ANTI-CHEAT,,
,,nocries ,76561198722847551,X,OK,,,       ANTI-CHEAT,,
,,miau ,76561199273796759,X,OK,,,       ANTI-CHEAT,,
,,amazing ,76561199070390548,X,OK,,,       ANTI-CHEAT,,
,,kinao ,76561199236737511,Not found,OK,,,       ANTI-CHEAT,,
,,Archlock,76561199862045994,X,OK,,,       ANTI-CHEAT,,
,,,,,,,,,,
,Nightmare,mata ratas,76561199366068031,X,OK,,SA,       ANTI-CHEAT,,
,,CALULO PROXIMO FRIO,76561199677640174,Not found,OK,,,       ANTI-CHEAT,,
,,unnamed evo 2,76561199236227248,Not found,OK,,,       ANTI-CHEAT,,
,,it's just me.,76561199672623493,X,OK,,,       ANTI-CHEAT,,
,,Jest ,76561199088088787,X,OK,,,       ANTI-CHEAT,,
,,seven six,76561199802221504,Not found,OK,,,       ANTI-CHEAT,,
,,,,,,,,,,
,Blackout,DarkY,76561199034101183,X,OK,,SA,       ANTI-CHEAT,,
,,renapse,76561198872375038,X,OK,,,       ANTI-CHEAT,,
,,Tet,76561198927023413,X,OK,,,       ANTI-CHEAT,,
,,z0t,76561199024201107,X,OK,,,       ANTI-CHEAT,,
,,Another,76561198264072742,X,OK,,,       ANTI-CHEAT,,
,,Karys,76561198243668060,X,OK,,,       ANTI-CHEAT,,
,,,,,,,,,,
,Luckyglock,acer,76561197995686613,X,OK,,NA, DESKTOP RECORD,,    
,,ramirez,76561198234737824,X,OK,,, DESKTOP RECORD,,
,,nevermore,76561198003954481,X,OK,,, DESKTOP RECORD,,
,,bravo,76561197970711112,X,OK,,, DESKTOP RECORD,,
,,nagi,76561197964615739,X,OK,,, DESKTOP RECORD,,
,,comment,76561197984220591,Not found,OK,,, DESKTOP RECORD,,
,,,,,,,,,,
,Café Para 4,MegadethizeD ,76561199038900831,X,OK,,SA/EU,       ANTI-CHEAT,,
,,Magnus ,76561198212571593,X,OK,,,       ANTI-CHEAT,,
,,Shiruk ,76561198067037365,X,OK,,,       ANTI-CHEAT,,
,,Yeins ,76561198067213367,X,OK,,,       ANTI-CHEAT,,
,,Lanz1 ,76561199827531203,X,OK,,,       ANTI-CHEAT,,
,,dist ,76561198147755168,X,OK,,,       ANTI-CHEAT,,
,,,,,,,,,,
,L’obscurité,Bully,76561198258513492,X,OK,,SA,       ANTI-CHEAT,,
,,Astrus,76561198781249770,Not found,OK,,,       ANTI-CHEAT,,
,,haN,76561198071501059,X,OK,,, DESKTOP RECORD,,
,,Daiez,76561199037953238,X,OK,,,       ANTI-CHEAT,,
,,^//,76561198314127518,X,OK,,,       ANTI-CHEAT,,
,,Sandler,76561199860015470,X,OK,,,       ANTI-CHEAT,,
,,,,,,,,,,
,The Dogcrap,F∆kinz,76561198193229795,X,OK,,SA,       ANTI-CHEAT,,
,,Perrito Duki,76561199467375144,X,OK,,,       ANTI-CHEAT,,
,,Tyler,76561199019039818,X,OK,,,       ANTI-CHEAT,,
,,Sky,76561199377167041,X,OK,,,       ANTI-CHEAT,,
,,Shinsu,76561198190362589,X,OK,,,       ANTI-CHEAT,,
,,Lowtab,76561199209144609,X,OK,,,       ANTI-CHEAT,,
,,,,,,,,,,
,Vagabond,Chinsuku ,76561199166241999,X,OK,,CN,       ANTI-CHEAT,,
,,-37.2℃,76561199376344893,Not found,OK,,,       ANTI-CHEAT,,
,,Serein ,76561199472446526,X,OK,,,       ANTI-CHEAT,,
,,Farewell ,76561199437822843,Not found,OK,,,       ANTI-CHEAT,,
,,cjdn ,76561199348281374,X,OK,,,       ANTI-CHEAT,,
,,❀桜羽エマ❀,76561198987976516,Not found,OK,,,       ANTI-CHEAT,,
,,,,,,,,,,
,CERO RESPETO,Ámclre,76561198979571799,X,OK,,SA,,,
,,Fully,76561198263486811,X,OK,,,,,
,,H 3 R 0,76561199579504921,X,OK,,,,,
,,IDKE,76561198967508312,X,OK,,,,,
,,jeanlycan,76561199012364497,X,OK,,,,,
,,Frijol,76561198194468409,X,OK,,,,,
,,,,,,,,,,
,Question Mark,NF ,76561199546646746,X,OK,,RU,       ANTI-CHEAT,,
,,xeniux ,76561199544952070,X,OK,,,       ANTI-CHEAT,,
,,SnipE ,76561197994124149,X,OK,,,       ANTI-CHEAT,,
,,ice ,76561198020845546,X,OK,,,       ANTI-CHEAT,,
,,h9yota ,76561199688526047,Not found,OK,,,       ANTI-CHEAT,,
,,089 ,76561199181688164,Not found,OK,,,       ANTI-CHEAT,,
,,,,,,,,,,
,uwin,xanny,76561198246615780,X,OK,,RU,       ANTI-CHEAT,,
,,mafia,76561198202479432,Not found,OK,,,       ANTI-CHEAT,,
,,wreghqq ,76561199547588415,X,OK,,,       ANTI-CHEAT,,
,,axxturel ,76561198981730264,X,OK,,,       ANTI-CHEAT,,
,,Kitiket ,76561199157982270,X,OK,,,       ANTI-CHEAT,,
,,noro ,76561198395415692,X,OK,,,       ANTI-CHEAT,,
,,,,,,,,,,
,Universidad Mayor de Moquegua,Naw ,76561199231786910,X,OK,,SA,       ANTI-CHEAT,,
,,Moises ,76561199467163845,X,OK,,,       ANTI-CHEAT,,
,,Reinhard ,76561199684646370,X,OK,,,       ANTI-CHEAT,,
,,Sky ,76561199362652801,X,OK,,,       ANTI-CHEAT,,
,,Zki ,76561198968483197,X,OK,,,       ANTI-CHEAT,,
,,Mk,76561199439175027,X,OK,,,       ANTI-CHEAT,,
,,,,,,,,,,
,Valkyrie Requiem,supra,76561199560096397,X,OK,,SA,       ANTI-CHEAT,,
,,shin,76561199156953066,X,OK,,,       ANTI-CHEAT,,
,,crona,76561199526094970,X,OK,,,       ANTI-CHEAT,,
,,wwwwww,76561199858639386,X,OK,,,       ANTI-CHEAT,,
,,skry,76561199567506085,X,OK,,,       ANTI-CHEAT,,
,,Fact,76561198450159940,X,OK,,,       ANTI-CHEAT,,
,,,,,,,,,,
,NeverLose,Fannyng ,76561199072990713,X,OK,,SA,       ANTI-CHEAT,,
,,P4ws ,76561198292825669,X,OK,,,       ANTI-CHEAT,,
,,Socherx ,76561198850392695,X,OK,,,       ANTI-CHEAT,,
,,Aldo ,76561198417338431,X,OK,,,       ANTI-CHEAT,,
,,Veydriss ,76561199822350172,X,OK,,,       ANTI-CHEAT,,
,,Jen ,76561198288539934,X,OK,,,       ANTI-CHEAT,,
,,,,,,,,,,
,HOKORI ,Shockwave,76561198139957525,X,OK,,SA,       ANTI-CHEAT,,
,,Zaiko,76561198802733634,X,OK,,,       ANTI-CHEAT,,
,,Grizz,76561198084333314,X,OK,,,       ANTI-CHEAT,,
,,Y4fed,76561198819418020,X,OK,,,       ANTI-CHEAT,,
,,33,76561198368050608,X,OK,,,       ANTI-CHEAT,,
,,Leank,76561198987228565,X,OK,,,       ANTI-CHEAT,,
,,,,,,,,,,
,Devour,鹞子,76561199073785269,Not found,OK,,CN,       ANTI-CHEAT,,
,,run ,76561199073446491,Not found,OK,,,       ANTI-CHEAT,,
,,wei,76561198854342271,X,OK,,,       ANTI-CHEAT,,
,,LUDE ,76561198821613482,X,OK,,,       ANTI-CHEAT,,
,,瓜,76561198845839317,X,OK,,,       ANTI-CHEAT,,
,,AWD ,76561199039409864,Not found,OK,,,       ANTI-CHEAT,,
,,,,,,,,,,
,Streamers Family,LordP ,76561198402210089,X,OK,,SA,       ANTI-CHEAT,,
,,Portilla,76561199162189399,X,OK,,,       ANTI-CHEAT,,
,,Ultra ,76561198781001165,X,OK,,,       ANTI-CHEAT,,
,,Z0N3X ,76561199235498188,X,OK,,,       ANTI-CHEAT,,
,,赤 / AL$,76561199804403685,X,OK,,,       ANTI-CHEAT,,
,,titanium,76561199072454760,X,OK,,,       ANTI-CHEAT,,
,,,,,,,,,,
,Loopy Family,YuenYuen ,76561198373376252,X,OK,,CN,       ANTI-CHEAT,,
,,tysheep ,76561199134618763,Not found,OK,,,       ANTI-CHEAT,,
,,luckynoob ,76561199139993398,X,OK,,, DESKTOP RECORD,,
,,Jougasaki Noa,76561199063585864,X,OK,,,       ANTI-CHEAT,,
,,rifle ,76561199789844457,X,OK,,,       ANTI-CHEAT,,
,,Cinnamoroll ξ( ✿＞◡*),76561199656386401,Not found,OK,,,       ANTI-CHEAT,,
,,,,,,,,,,
,Getting Good,Masquerade ,76561199073977953,X,OK,,AS/NA/SA,       ANTI-CHEAT,,
,,Kreia ,76561198011536632,X,OK,,,       ANTI-CHEAT,,
,,Xpusty ,76561199487359202,X,OK,,,       ANTI-CHEAT,,
,,$wrl,76561198078294508,X,OK,,, DESKTOP RECORD,,
,,dreem ,76561198371175640,X,OK,,,       ANTI-CHEAT,,
,,,,,,,,,,
,,,,,,,,,,
,Puppets,gpy,76561198353633674,X,OK,,SA,       ANTI-CHEAT,,
,,Unlucky,76561199597275228,X,OK,,,       ANTI-CHEAT,,
,,exultanvist,76561199161197625,X,OK,,,       ANTI-CHEAT,,
,,beck,76561199386999671,X,OK,,,       ANTI-CHEAT,,
,,JITANO,76561198815252465,X,OK,,,       ANTI-CHEAT,,
,,Willy,76561198845083237,X,OK,,,       ANTI-CHEAT,,
,,,,,,,,,,
,Agartha,Snak3,76561198427463903,X,OK,,NA/SA,       ANTI-CHEAT,,
,,Novux ,76561198265226982,X,OK,,,       ANTI-CHEAT,,
,,Hirose ,76561198075470265,X,OK,,,       ANTI-CHEAT,,
,,Hajime,76561198256703960,X,OK,,,       ANTI-CHEAT,,
,,Sarvente ,76561198380131583,x,OK,,,       ANTI-CHEAT,,
,,lieb  ,76561198868358230,X,OK,,,       ANTI-CHEAT,,
,,,,,,,,,,
,Solar System,yTmoOn,76561198054284915,X,OK,,CN,       ANTI-CHEAT,,
,,猪咪,76561198984409734,Not found,OK,,,       ANTI-CHEAT,,
,,电光火石,76561198119828881,X,OK,,,       ANTI-CHEAT,,
,,zxc,76561198352495377,X,OK,,,       ANTI-CHEAT,,
,,酸甜苦辣,76561198721303946,Not found,OK,,,       ANTI-CHEAT,,
,,雫雫,76561198314786262,X,OK,,,       ANTI-CHEAT,,
,,,,,,,,,,
,ZetaKa,unravel,76561199047390036,X,OK,,SA,       ANTI-CHEAT,,
,,YN 'z,76561199246542530,X,OK,,,       ANTI-CHEAT,,
,,Z.,76561199826486121,Not found,OK,,, DESKTOP RECORD,,
,,Sky,76561199388865573,X,OK,,,       ANTI-CHEAT,,
,,Yala,76561199841865505,X,OK,,,       ANTI-CHEAT,,
,,,,,,,,       ANTI-CHEAT,,
,,,,,,,,,,
,Sigma Males,Mik,76561199072589758,X,OK,,SA,       ANTI-CHEAT,,
,,Mind,76561199067063382,X,OK,,,       ANTI-CHEAT,,
,,505,76561199696059140,X,OK,,,       ANTI-CHEAT,,
,,Cfg,76561199163428264,X,OK,,,       ANTI-CHEAT,,
,,niF,76561199467582738,Not found,OK,,,       ANTI-CHEAT,,
,,Assachin,76561199479095098,X,OK,,,       ANTI-CHEAT,,
,,,,,,,,,,
,Paper Rex,乙єℜȭ,76561199087031900,X,OK,,SA,       ANTI-CHEAT,,
,,xr4yz,76561198807915483,X,OK,,,       ANTI-CHEAT,,
,,Aomine^,76561199438698541,X,OK,,,       ANTI-CHEAT,,
,,Cafe Cafe ,76561198813310957,X,OK,,,       ANTI-CHEAT,,
,,ZTX,76561199134635104,X,OK,,,       ANTI-CHEAT,,
,,,,,,,,       ANTI-CHEAT,,
,,,,,,,,,,
,OSADIA,LusbelX,76561199384999164,X,OK,,SA,       ANTI-CHEAT,,
,,Male,76561199096228634,X,OK,,,       ANTI-CHEAT,,
,,Sean,76561198348302783,X,OK,,,       ANTI-CHEAT,,
,,Dnat,76561199087952132,X,OK,,,       ANTI-CHEAT,,
,,,,,,,,,,
,,r7yan,76561199102594038,X,OK,,,       ANTI-CHEAT,,
,,,,,,,,,,
,:B1:,Wrugb,76561198047843599,X,OK,,EU, DESKTOP RECORD,,
,,Shommi,76561198018967533,X,OK,,,       ANTI-CHEAT,,
,,Koz,76561198045095735,X,OK,,,       ANTI-CHEAT,,
,,David,76561198054323661,X,OK,,,       ANTI-CHEAT,,
,,:),76561198019311125,X,OK,,, DESKTOP RECORD,,
,,,,,OK,,,,,
,,,,,,,,,,
,No Hacen Nada,Azunix,76561198805147561,X,OK,,SA/EU,       ANTI-CHEAT,,
,,Karameleo,76561199074165502,X,OK,,,       ANTI-CHEAT,,
,,Whaads,76561199232619749,X,OK,,,       ANTI-CHEAT,,
,,Skips,76561199066848962,X,OK,,,       ANTI-CHEAT,,
,,Kyo,76561199696059140,X,OK,,,       ANTI-CHEAT,,
,,KissShot,76561199492165183,X,OK,,,       ANTI-CHEAT,,
,,,,,,,,,,
,Not Yet,LAROI^,76561199429491799,X,OK,,NA/SA,,,
,,Ahmad,76561199522958862,X,OK,,,,,
,,Lyrical,76561198200048615,X,OK,,,,,
,,Nova,76561199779775731,X,OK,,,,,
,,Portamento,76561199267910991,Not found,OK,,,,,
,,Harry,76561199352239326,X,DENIED,,,,,
,,,,,,,,,,
,Xoanon,Jerydash ,76561199114796576,X,OK,,EU,       ANTI/Desktop,,
,,Benjy,76561199092429859,X,OK,,,       ANTI-CHEAT,,
,,Zeus/Pepper,76561198183573759,X,OK,,,       ANTI-CHEAT,,
,,Yum,76561198034266270,X,OK,,,       ANTI-CHEAT,,
,,Honey,76561198038478485,X,OK,,,       ANTI-CHEAT,,
,,baQ*,76561198353177863,X,OK,,,       ANTI-CHEAT,,
,,,,,,,,,,
,YATAGARASU,JaZe,76561199058657112,X,OK,,NA/SA,       ANTI-CHEAT,,
,,Spearz,76561199436349714,X,OK,,,       ANTI-CHEAT,,
,,asLe,76561198983695276,X,OK,,,       ANTI-CHEAT,,
,,Kanon,76561198780592338,X,OK,,,       ANTI-CHEAT,,
,,Astoris,76561199048669676,X,OK,,,       ANTI-CHEAT,,
,,,,,,,,       ANTI-CHEAT,,
,,,,,,,,,,
,THE PHENOMENALIST ,ANXIETYGOD ,76561199177245365,X,OK,,SA/EU,       ANTI-CHEAT,,
,,tetsu ,76561198008763128,X,OK,,,       ANTI-CHEAT,,
,,keisha ,76561198031526178,X,OK,,,       ANTI-CHEAT,,
,,snow ,76561198201920788,X,OK,,,       ANTI-CHEAT,,
,,Siub,76561198021232333,X,OK,,,       ANTI-CHEAT,,
,,,,,,,,       ANTI-CHEAT,,
,,,,,,,,,,
,r4w,Jxnc,76561199079783932,X,OK,,SA,       ANTI-CHEAT,,
,,Waled,76561199121159583,X,OK,,,       ANTI-CHEAT,,
,,SLay,76561198005823582,X,OK,,,       ANTI-CHEAT,,
,,Sushi,76561198156783893,X,OK,,,       ANTI-CHEAT,,
,,Bugatti,76561198074369097,X,OK,,,       ANTI-CHEAT,,
,,CHD,76561198313644426,X,OK,,,       ANTI-CHEAT,,
,,,,,,,,,,
,White Boys With Motion,Caution,76561198047257214,X,OK,,AU,       ANTI-CHEAT,,
,,DDA,76561198039237902,X,OK,,,       ANTI-CHEAT,,
,,Elliot,76561198009662539,X,OK,,,       ANTI-CHEAT,,
,,Scl,76561198374058624,X,OK,,,       ANTI-CHEAT,,
,,Sloppy Wolf,76561198080156272,X,OK,,,       ANTI-CHEAT,,
,,Innuendo,76561198142030624,X,OK,,,       ANTI-CHEAT,,
,,,,,,,,,,
,Macninallylicuados3.0,Pingu,76561198282000148,X,OK,,NA/SA,       ANTI-CHEAT,,
,,texture,76561199618336600,X,OK,,,       ANTI-CHEAT,,
,,Sangui,76561199170402948,X,OK,,,       ANTI-CHEAT,,
,,Danxe ,76561198353140534,X,OK,,,       ANTI-CHEAT,,
,,Radaam,76561199022958802,X,OK,,,       ANTI-CHEAT,,
,,Cykes,76561199012863446,X,OK,,,       ANTI-CHEAT,,
,,,,,,,,,,
,VASO DE LECHE,Piwe,76561199038057356,X,OK,,SA,       ANTI-CHEAT,,
,,Once again,76561199013233759,X,OK,,,       ANTI-CHEAT,,
,,Canoli,76561199017361995,X,OK,,,       ANTI-CHEAT,,
,,M4nzana,76561199168210235,X,OK,,,       ANTI-CHEAT,,
,,Karma,76561199071989652,X,OK,,,       ANTI-CHEAT,,
,,Nicolas,76561198997472592,X,OK,,,       ANTI-CHEAT,,
,,,,,,,,,,
,Four King,jeremi2000XD,76561199105358464,X,OK,,SA,       ANTI-CHEAT,,
,,fdle,76561199117031663,X,OK,,,       ANTI-CHEAT,,
,,MTnekoo,76561198990535866,X,OK,,,       ANTI-CHEAT,,
,,Cruz(r),76561199751976890,X,OK,,,       ANTI-CHEAT,,
,,sirius,76561199860956644,X,OK,,, DESKTOP RECORD,,
,,emet,76561199193548102,X,OK,,,       ANTI-CHEAT,,
,,,,,,,,,,
,Allied,aNdrw,76561199085572399,X,OK,,SA,       ANTI-CHEAT,,
,,Elliot,76561199284969325,X,OK,,, DESKTOP RECORD,,
,,Summers ,76561199523962226,X,OK,,,       ANTI-CHEAT,,
,,hErmiN ,76561199422021887,X,OK,,,       ANTI-CHEAT,,
,,Ashes of eden,76561199545639180,X,OK,,,       ANTI-CHEAT,,
,,Nagata ,76561199006594049,X,OK,,,       ANTI-CHEAT,,
,,,,,,,,,,
,La pantera del Callao,dolcett ,76561199110587152,X,OK,,SA,       ANTI-CHEAT,,
,,Pepito,76561199092655221,X,OK,,,       ANTI-CHEAT,,
,,v.v,76561197968851904,X,OK,,,       ANTI-CHEAT,,
,,AleSNC,76561199182711276,X,OK,,,       ANTI-CHEAT,,
,,arukii ,76561198361666356,X,OK,,,       ANTI-CHEAT,,
,,miya ,76561199270188862,X,OK,,,       ANTI-CHEAT,,
,,,,,,,,,,
,Peru rejects,Snake ,76561198999531509,X,OK,,SA,       ANTI-CHEAT,,
,,D4neee ,76561199358743739,X,OK,,,       ANTI/Desktop,,
,,Most ,76561198326926397,X,OK,,,       ANTI-CHEAT,,
,,Phobos ,76561199689447337,X,OK,,,       ANTI-CHEAT,,
,,Do'Or ,76561198186223729,X,OK,,,       ANTI-CHEAT,,
,,Nhmy,76561199185614821,X,OK,,,       ANTI-CHEAT,,
,,,,,,,,,,
,Colossus,access,76561198864918476,X,OK,,SA,       ANTI-CHEAT,,
,,taeyong,76561197988614833,X,OK,,,       ANTI-CHEAT,,
,,flyreh,76561198119710356,X,OK,,,       ANTI-CHEAT,,
,,learning,76561198890021431,X,OK,,,       ANTI-CHEAT,,
,,,76561198349381303,X,OK,,,       ANTI-CHEAT,,
,,,,,,,,       ANTI-CHEAT,,
,,,,,,,,,,
,Not Enough,HaTs ,76561198301487558,X,OK,,SA,       ANTI-CHEAT,,
,,Soma ,76561199126065233,X,OK,,,       ANTI-CHEAT,,
,,Hange ,76561199573593514,X,OK,,,       ANTI-CHEAT,,
,,Tally ,76561199439190424,X,OK,,,       ANTI-CHEAT,,
,,Zabit ,76561199093520472,X,OK,,,       ANTI-CHEAT,,
,,Tom ,76561199090428461,X,OK,,,       ANTI-CHEAT,,
,,,,,,,,,,
,Kāra,Alliege,76561199193657890,X,OK,,SA/NA,       ANTI-CHEAT,,
,,Gohan ,76561199019792240,X,OK,,,       ANTI-CHEAT,,
,,Aisha ,76561198915297001,X,OK,,,       ANTI-CHEAT,,
,,mla,76561198351145177,X,OK,,,       ANTI-CHEAT,,
,,Noura ,76561199162652653,X,OK,,,       ANTI-CHEAT,,
,,520,76561198833495430,X,OK,,,       ANTI-CHEAT,,
,,,,,,,,,,
,HoundBlood,Marp,76561199053849555,X,OK,,SA,       ANTI-CHEAT,,
,,Path,76561199048601284,X,OK,,,       ANTI-CHEAT,,
,,Chapoxz,76561199400970554,X,OK,,,       ANTI-CHEAT,,
,,Nae,76561199274905819,X,OK,,,       ANTI-CHEAT,,
,,Clem,76561199104777108,X,OK,,,       ANTI-CHEAT,,
,,Gbad,76561199184320869,X,OK,,,       ANTI-CHEAT,,
,,,,,,,,,,
,HOSHI,ISAO ,76561199806074027,X,OK,,SA/NA/EU,       ANTI-CHEAT,,
,,Kaydy ,76561199799386846,X,OK,,,       ANTI-CHEAT,,
,,Outi ,76561199375958421,X,OK,,,       ANTI-CHEAT,,
,,Sonata ,76561199110992746,X,OK,,, DESKTOP RECORD,,
,,blank ,76561199823919918,X,OK,,,       ANTI-CHEAT,,
,,Darkrow ,76561199350846022,X,OK,,,       ANTI-CHEAT,,
,,,,,,,,,,
,Fear Factory,Criss,76561198036098457,X,OK,,EU,       ANTI-CHEAT,,
,,mzn,76561198009526693,X,OK,,,       ANTI/Desktop,,
,,mda,76561198098160746,X,OK,,,       ANTI-CHEAT,,
,,aNtax,76561198055391155,X,OK,,,       ANTI-CHEAT,,
,,veres,76561198053375163,X,OK,,,       ANTI-CHEAT,,
,,hydro,76561198004411388,X,OK,,,       ANTI-CHEAT,,
,,,,,,,,,,
,Judgment ,Driss,76561198177612797,Not found?,OK,,NA,       ANTI-CHEAT,,
,,Style,76561198274761400,X,OK,,,       ANTI-CHEAT,,
,,Roxas,76561198035445726,X,OK,,,       ANTI-CHEAT,,
,,Desert,76561198421673009,X,OK,,,       ANTI-CHEAT,,
,,emer,76561198402590558,X,OK,,,       ANTI-CHEAT,,
,,zafiro,76561199054634147,X,OK,,,       ANTI-CHEAT,,
,,,,,,,,,,
,From Above,Allison,76561199254846464,X,OK,,SA,       ANTI-CHEAT,,
,,Purpura,76561199000189822,X,OK,,,       ANTI-CHEAT,,
,,Manfred,76561199121513020,X,OK,,,       ANTI-CHEAT,,
,,Abigail,76561199175244953,X,OK,,,       ANTI-CHEAT,,
,,Xamako,76561199105424956,X,OK,,,       ANTI-CHEAT,,
,,Pasivo,76561198846065261,X,OK,,,       ANTI-CHEAT,,
,,,,,,,,,,
,Shūen,Noite,76561199035895961,X,OK,,SA,       ANTI-CHEAT,,
,,Slide,76561198851708589,X,OK,,,       ANTI-CHEAT,,
,,shifty,76561198990308981,X,OK,,,       ANTI-CHEAT,,
,,Xim,76561199087132195,X,OK,,,       ANTI-CHEAT,,
,,Nisha,76561199033696769,X,OK,,,       ANTI-CHEAT,,
,,Mgik,76561198239161320,X,OK,,,       ANTI-CHEAT,,
,,,,,,,,,,
,Tamper Monkey,Wild Ratz,76561198272111150,X,OK,,NA,       ANTI-CHEAT,,
,,ggfam ,76561199200542620,X,OK,,,       ANTI-CHEAT,,
,,Daveswrath ,76561199203017083,X,OK,,,       ANTI-CHEAT,,
,,Lovelydingus ,76561198343225028,X,OK,,,       ANTI-CHEAT,,
,,,,,,,,,,
,,,,,,,,,,
,,,,,,,,,,
, *Opium,evolve ,76561198409227117,X,OK,,SA,       ANTI-CHEAT,,
,,bruno ,76561198856077808,X,OK,,,       ANTI-CHEAT,,
,,Hibrido,76561198951867283,X,OK,,,       ANTI-CHEAT,,
,,ruchi ,76561199007444401,X,OK,,,       ANTI-CHEAT,,
,,caglepugla ,76561198845314389,X,OK,,, DESKTOP RECORD,,
,,Isshin ,76561198773102176,Not found,OK,,,       ANTI-CHEAT,,
,,,,,,,,,,
,T1,Sawa,76561198055510738,X,OK,,SA,       ANTI-CHEAT,,
,,Seyng,76561198269178779,X,OK,,,       ANTI-CHEAT,,
,,Healy,76561197998051903,X,OK,,,       ANTI-CHEAT,,
,,Zirk,76561198207235344,X,OK,,,       ANTI-CHEAT,,
,,Nopressure,76561199870264076,Not Found,OK,,,       ANTI-CHEAT,,
,,Spooky,76561198403379804,X,OK,,,       ANTI-CHEAT,,
,,,,,,,,,,
,Nexuz,Nagi,76561198995768501,X,OK,,NA/SA,       ANTI-CHEAT,,
,,Pandillero,76561198244575638,X,OK,,,       ANTI-CHEAT,,
,,Rofi,76561198993016272,X,OK,,,       ANTI-CHEAT,,
,,Savage,76561198327638733,X,OK,,,       ANTI-CHEAT,,
,,Sley,76561199141716114,X,OK,,,       ANTI-CHEAT,,
,,Lumen,76561199690559166,X,OK,,,       ANTI-CHEAT,,
,,,,,,,,,,
,Tokupugs,Mordred,76561198147653380,X,OK,,NA,       ANTI-CHEAT,,
,,Aysel,76561198843112033,X,OK,,,       ANTI-CHEAT,,
,,Khardia,76561199261079038,X,OK,,,       ANTI-CHEAT,,
,,Broc,76561199151828913,X,OK,,,       ANTI-CHEAT,,
,,Anubi,76561198884962471,X,OK,,,       ANTI-CHEAT,,
,,Ickyplayer 4,76561198324356574,X,OK,,,       ANTI-CHEAT,,
,,,,,,,,,,
,Congregation,SilKyami ,76561199872074614,X,OK,,NA / SA, DESKTOP RECORD,,
,,Eclips3,76561199327280688,X,OK,,,       ANTI-CHEAT,,
,,Knockout ,76561199435420525,X,OK,,,       ANTI-CHEAT,,
,,Lan'z ,76561199564794270,X,OK,,,       ANTI-CHEAT,,
,,Sui,76561198109108419,X,OK,,, DESKTOP RECORD,,
,,,,,,,,,,
,,,,,,,,,,
,Los Tercos,Farhen,76561199176930967,X,OK,,SA,       ANTI-CHEAT,,
,,Cacanito,76561198890501513,X,OK,,,       ANTI-CHEAT,,
,,Twisted,76561199171952022,X,OK,,,       ANTI-CHEAT,,
,,Albert,76561198893377305,X,OK,,,       ANTI-CHEAT,,
,,Tamos,76561198359615856,X,OK,,,       ANTI-CHEAT,,
,,Richiton,76561199051378145,X,OK,,,       ANTI-CHEAT,,
,,,,,,,,,,
,"cry
DROP OUT",diegoe,76561199521829080,X,OK,,NA,       ANTI-CHEAT,,
,,abc,76561199815823203,X,OK,,,       ANTI-CHEAT,,
,,miwa,76561199025736528,X,OK,,,       ANTI-CHEAT,,
,,cooltread80,76561198358909261,No profile,OK,,,DESKTOP RECORD,,
,,L1mon,76561198852452955,X,OK,,,       ANTI-CHEAT,,
,,Yael,76561199032963422,X,OK,,,       ANTI-CHEAT,,
,,,,,,,,,,
,Shinigami,Cazad,76561198869080364,X,OK,,SA,       ANTI-CHEAT,,
,,Youngslayer,76561198754129615,X,OK,,,       ANTI-CHEAT,,
,,Malb0ro,76561199241375054,X,OK,,,       ANTI-CHEAT,,
,,★ℳiKE★,76561199870055770,X,OK,,,       ANTI-CHEAT,,
,,Inversal,76561199545024293,X,OK,,,       ANTI-CHEAT,,
,,Hilux,76561198858720516,X,OK,,,       ANTI-CHEAT,,
,,,,,,,,,,
,NoNecks,Mito_pe,76561199093968448,X,OK,,NA/SA,       ANTI-CHEAT,,
,,Brayam2096,76561198042706888,X,OK,,,       ANTI-CHEAT,,
,,h4vik,76561199402779854,X,OK,,,       ANTI-CHEAT,,
,,BV,76561199438630622,X,OK,,,       ANTI-CHEAT,,
,,k3mchy,76561199004025868,X,OK,,,       ANTI-CHEAT,,
,,RealizedMe,76561199501363980,X,OK,,,       ANTI-CHEAT,,
,,,,,,,,,,
,Gatoque,Zzz,76561199185113893,X,OK,,SA/EU,       ANTI-CHEAT,,
,,Castle,76561199067425761,X,OK,,,       ANTI-CHEAT,,
,,Alonsovski,76561199489822954,X,OK,,,       ANTI-CHEAT,,
,,wzodiac,76561198422313945,X,OK,,,       ANTI-CHEAT,,
,,20',76561199261118276,X,OK,,,       ANTI-CHEAT,,
,,Patrick,76561199093718271,X,OK,,,       ANTI-CHEAT,,
,,,,,,,,,,
,Gentlemens,Ninjamagical,76561199260568907,X,OK,,SA,       ANTI-CHEAT,,
,,Sebasmv,76561199014132526,X,OK,,,       ANTI-CHEAT,,
,,Kmn,76561199654859043,X,OK,,,       ANTI-CHEAT,,
,,Seraphine,76561198321613492,X,OK,,,       ANTI-CHEAT,,
,,ReinCarnage ツ,76561199225029056,X,OK,,,       ANTI-CHEAT,,
,,Z,76561199003449362,X,OK,,,       ANTI-CHEAT,,
,,,,,,,,,,
,Seguidores de la Grasa ,Gamezking,76561198937723278,X,OK,,NA/SA, DESKTOP RECORD,,
,,Mapo ,76561199135954410,X,OK,,, DESKTOP RECORD,,
,,sharp,76561198982842123,X,OK,,, DESKTOP RECORD,,
,,PU,76561198132961688,X,OK,,, DESKTOP RECORD,,
,,TA,76561198990873706,X,OK,,, DESKTOP RECORD,,
,,,,,,,,,,
,,,,,,,,,,
,No Expectations ,rog,76561199038985087,X,OK,,NA/SA,       ANTI-CHEAT,,
,,Stroke,76561198195200599,X,OK,,,       ANTI-CHEAT,,
,,$ww,76561198342114261,X,OK,,,       ANTI-CHEAT,,
,,Poxel,76561198841884935,X,OK,,,       ANTI-CHEAT,,
,,gus1on,76561198374993550,X,OK,,,       ANTI-CHEAT,,
,,Popeye,76561199097433236,X,OK,,,       ANTI-CHEAT,,
,,,,,,,,,,
,Eternal Victory ,依然陈旧,76561198947390522,Not profile,OK,,CN,       ANTI-CHEAT,,
,,曈骸,76561198111350011,Not profile,OK,,,       ANTI-CHEAT,,
,,Kurimu,76561199095823853,Not profile,OK,,,       ANTI-CHEAT,,
,,布布,76561199436766097,Not profile,OK,,,       ANTI-CHEAT,,
,,Crown,76561199515785467,Not profile,OK,,,       ANTI-CHEAT,,
,,,,,,,,,,
,,,,,,,,,,
,YeeZy CLAN,Kan,76561199586887657,X,OK,,SA,       ANTI-CHEAT,,
,,Sfx,76561199377048726,X,OK,,,       ANTI-CHEAT,,
,,Knaz,76561199591571049,X,OK,,,       ANTI-CHEAT,,
,,Jara,76561199025052929,X,OK,,,       ANTI-CHEAT,,
,,JB KIM,76561198253744781,X,OK,,,       ANTI-CHEAT,,
,,,,,,,,,,
,,,,,,,,,,
,Playa Asia Golf,Rnxh,76561199186658479,X,OK,,SA,       ANTI-CHEAT,,
,,Twistz,76561199017089831,X,OK,,,       ANTI-CHEAT,,
,,Jihyomomo,76561198996991681,X,OK,,,       ANTI-CHEAT,,
,,Nklyopo,76561198320610477,X,OK,,,       ANTI-CHEAT,,
,,Aimat,76561199377064365,X,OK,,,       ANTI-CHEAT,,
,,Xyz,76561198396976730,X,OK,,,       ANTI-CHEAT,,
,,,,,,,,,,
,November Rain,1us,,X,,,,       ANTI-CHEAT,,
,,Magnet,76561199154910504,X,,,,       ANTI-CHEAT,,
,,Shr1mp,76561199164805248,X,,,,       ANTI-CHEAT,,
,,红玫瑰],76561199415501290,X,,,,       ANTI-CHEAT,,
,,Hakimi,,X,,,,       ANTI-CHEAT,,
,,Gracias,,X,,,,       ANTI-CHEAT,,
,,,,,,,,,,
,orphan truck drivers   (ALT),4ZE,76561198242214332/,,,,,,,
,,Ctu,,,,,,,,
,,Tr,,,,,,,,
,,Prsto,,,,,,,,
,,mfkaz,,,,,,,,